"source","source_id","annotator","annotation_id","annotation_date","annotation_info_url","recording_url","recording_info_url","time_start","time_end","taxon","type","lat","lon","contact"
"bio.acousti.ca","11062","Edward Baker","23","2014-12-08 14:40","view","http://bio.acousti.ca/sites/default/files/896_9_Conocephalus_discolor_61r4.wav","http://bio.acousti.ca/node/11062","0","16","Conocephalus discolor","Voice Introduction","","","23"
"bio.acousti.ca","10309","Edward Baker","26","2014-12-08 15:00","view","http://bio.acousti.ca/sites/default/files/578_11_Conocephalus_discolor_788a_8-Nov.wav","http://bio.acousti.ca/node/10309","0","45","Conocephalus discolor","Voice Introduction","","","26"
"bio.acousti.ca","10309","Edward Baker","27","2014-12-08 15:01","view","http://bio.acousti.ca/sites/default/files/578_11_Conocephalus_discolor_788a_8-Nov.wav","http://bio.acousti.ca/node/10309","46","167","Conocephalus discolor","Call","","","27"
"bio.acousti.ca","11086","Edward Baker","50","2014-12-09 12:16","view","http://bio.acousti.ca/sites/default/files/899_3_Gryllotalpa_orientalis_111.wav","http://bio.acousti.ca/node/11086","0","38","Gryllotalpa orientalis","Voice Introduction","","","50"
"bio.acousti.ca","11086","Edward Baker","51","2014-12-09 12:18","view","http://bio.acousti.ca/sites/default/files/899_3_Gryllotalpa_orientalis_111.wav","http://bio.acousti.ca/node/11086","47","50","Gryllotalpa orientalis","Call","","","51"
"bio.acousti.ca","11114","Edward Baker","52","2014-12-09 12:22","view","http://bio.acousti.ca/sites/default/files/900_6_Gryllotalpa_orientalis_125.wav","http://bio.acousti.ca/node/11114","0","39","Gryllotalpa orientalis","Voice Introduction","","","52"
"bio.acousti.ca","11114","Edward Baker","53","2014-12-09 12:23","view","http://bio.acousti.ca/sites/default/files/900_6_Gryllotalpa_orientalis_125.wav","http://bio.acousti.ca/node/11114","41","71","Gryllotalpa orientalis","Call","","","53"
"bio.acousti.ca","11113","Edward Baker","54","2014-12-09 12:25","view","http://bio.acousti.ca/sites/default/files/900_5_Gryllotalpa_orientalis_125.wav","http://bio.acousti.ca/node/11113","0","40","Gryllotalpa orientalis","Voice Introduction","","","54"
"bio.acousti.ca","11113","Edward Baker","55","2014-12-09 12:26","view","http://bio.acousti.ca/sites/default/files/900_5_Gryllotalpa_orientalis_125.wav","http://bio.acousti.ca/node/11113","41","71","Gryllotalpa orientalis","Call","","","55"
"bio.acousti.ca","11108","Edward Baker","56","2014-12-09 13:05","view","http://bio.acousti.ca/sites/default/files/899_25_Gryllotalpa_orientalis_113.wav","http://bio.acousti.ca/node/11108","0","35","Gryllotalpa orientalis","Voice Introduction","","","56"
"bio.acousti.ca","11108","Edward Baker","57","2014-12-09 13:06","view","http://bio.acousti.ca/sites/default/files/899_25_Gryllotalpa_orientalis_113.wav","http://bio.acousti.ca/node/11108","42","72","Gryllotalpa orientalis","Call","","","57"
"bio.acousti.ca","11085","Edward Baker","58","2014-12-09 13:07","view","http://bio.acousti.ca/sites/default/files/899_2_Gryllotalpa_orientalis_110.wav","http://bio.acousti.ca/node/11085","0","32","Gryllotalpa orientalis","Voice Introduction","","","58"
"bio.acousti.ca","10753","Edward Baker","61","2014-12-09 13:10","view","http://bio.acousti.ca/sites/default/files/585_1_Gryllotalpa_vineae_820a.wav","http://bio.acousti.ca/node/10753","0","44","Gryllotalpa vineae","Voice Introduction","","","61"
"bio.acousti.ca","10753","Edward Baker","62","2017-03-12 12:37","view","http://bio.acousti.ca/sites/default/files/585_1_Gryllotalpa_vineae_820a.wav","http://bio.acousti.ca/node/10753","44","53","Gryllotalpa vineae","Call","","","62"
"bio.acousti.ca","10754","Edward Baker","63","2014-12-09 13:12","view","http://bio.acousti.ca/sites/default/files/585_2_Gryllotalpa_vineae_820b.wav","http://bio.acousti.ca/node/10754","0","4","Gryllotalpa vineae","Voice Introduction","","","63"
"bio.acousti.ca","10754","Edward Baker","64","2014-12-09 13:13","view","http://bio.acousti.ca/sites/default/files/585_2_Gryllotalpa_vineae_820b.wav","http://bio.acousti.ca/node/10754","5","23","Gryllotalpa vineae","Call","","","64"
"bio.acousti.ca","10755","Edward Baker","65","2014-12-09 13:14","view","http://bio.acousti.ca/sites/default/files/585_3_Gryllotalpa_vineae_821a.wav","http://bio.acousti.ca/node/10755","0","39","Gryllotalpa vineae","Voice Introduction","","","65"
"bio.acousti.ca","10755","Edward Baker","66","2014-12-09 13:15","view","http://bio.acousti.ca/sites/default/files/585_3_Gryllotalpa_vineae_821a.wav","http://bio.acousti.ca/node/10755","38","60","Gryllotalpa vineae","Call","","","66"
"bio.acousti.ca","10756","Edward Baker","67","2014-12-09 13:15","view","http://bio.acousti.ca/sites/default/files/585_4_Gryllotalpa_vineae_821b.wav","http://bio.acousti.ca/node/10756","0","3","Gryllotalpa vineae","Voice Introduction","","","67"
"bio.acousti.ca","10756","Edward Baker","68","2014-12-09 13:16","view","http://bio.acousti.ca/sites/default/files/585_4_Gryllotalpa_vineae_821b.wav","http://bio.acousti.ca/node/10756","4","34","Gryllotalpa vineae","Call","","","68"
"bio.acousti.ca","11131","Edward Baker","69","2014-12-10 14:04","view","http://bio.acousti.ca/sites/default/files/992_2_Heteropteryx_dilatata_187a.wav","http://bio.acousti.ca/node/11131","0","38","Heteropteryx dilatata","Voice Introduction","","","69"
"bio.acousti.ca","11131","Edward Baker","70","2014-12-10 14:06","view","http://bio.acousti.ca/sites/default/files/992_2_Heteropteryx_dilatata_187a.wav","http://bio.acousti.ca/node/11131","48","54","Heteropteryx dilatata","Threat Response","","","70"
"bio.acousti.ca","11778","Edward Baker","72","2014-12-12 12:25","view","http://bio.acousti.ca/sites/default/files/MHV%20973%20P.haglundi%20nr%20Barberton%20%232.wav","http://bio.acousti.ca/content/9732-platypleura-haglundi","0","3.639568","Platypleura haglundi","Voice Introduction","","","72"
"bio.acousti.ca","11778","Edward Baker","73","2014-12-12 12:26","view","http://bio.acousti.ca/sites/default/files/MHV%20973%20P.haglundi%20nr%20Barberton%20%232.wav","http://bio.acousti.ca/content/9732-platypleura-haglundi","3.639568","4.529463","Platypleura haglundi","Extraneous Noise","","","73"
"bio.acousti.ca","11436","Edward Baker","79","2014-12-12 14:24","view","http://bio.acousti.ca/sites/default/files/MHV%20937%20A.zuluensis%20Trafalgar.wav","http://bio.acousti.ca/content/937-platypleura-argentata","0","2.427514","Platypleura argentata","Extraneous Noise","","","79"
"bio.acousti.ca","11436","Edward Baker","80","2014-12-12 14:27","view","http://bio.acousti.ca/sites/default/files/MHV%20937%20A.zuluensis%20Trafalgar.wav","http://bio.acousti.ca/content/937-platypleura-argentata","2.450014","6.513506","Platypleura argentata","Voice Introduction","","","80"
"bio.acousti.ca","11778","Edward Baker","85","2014-12-20 14:15","view","http://bio.acousti.ca/sites/default/files/MHV%20973%20P.haglundi%20nr%20Barberton%20%232.wav","http://bio.acousti.ca/content/9732-platypleura-haglundi","4.529463"," 41.1351","Platypleura haglundi","Call","","","85"
"bio.acousti.ca","11778","Edward Baker","86","2014-12-20 14:16","view","http://bio.acousti.ca/sites/default/files/MHV%20973%20P.haglundi%20nr%20Barberton%20%232.wav","http://bio.acousti.ca/content/9732-platypleura-haglundi","4.924416","5.04940","Platypleura haglundi","Call","","","86"
"bio.acousti.ca","11473","Edward Baker","89","2014-12-29 14:11","view","http://bio.acousti.ca/sites/default/files/MHV%20940%20M.furva%20nr%20Vivo.wav","http://bio.acousti.ca/content/940-munza-furva","0","4.555306","Munza furva","Voice Introduction","","","89"
"bio.acousti.ca","11473","Edward Baker","90","2014-12-29 14:13","view","http://bio.acousti.ca/sites/default/files/MHV%20940%20M.furva%20nr%20Vivo.wav","http://bio.acousti.ca/content/940-munza-furva","4.555306","6.045895","Munza furva","Call (with extraneous noise)","","","90"
"bio.acousti.ca","11473","Edward Baker","91","2014-12-29 14:15","view","http://bio.acousti.ca/sites/default/files/MHV%20940%20M.furva%20nr%20Vivo.wav","http://bio.acousti.ca/content/940-munza-furva","6.045895","60.1","Munza furva","Call","","","91"
"bio.acousti.ca","11473","Edward Baker","92","2014-12-29 14:17","view","http://bio.acousti.ca/sites/default/files/MHV%20940%20M.furva%20nr%20Vivo.wav","http://bio.acousti.ca/content/940-munza-furva","22.62055","26.96567","Munza furva","Call","","","92"
"bio.acousti.ca","11473","Edward Baker","93","2014-12-29 14:18","view","http://bio.acousti.ca/sites/default/files/MHV%20940%20M.furva%20nr%20Vivo.wav","http://bio.acousti.ca/content/940-munza-furva","26.54443","26.66846","Munza furva","Single echeme","","","93"
"bio.acousti.ca","11472","Edward Baker","94","2014-12-29 14:22","view","http://bio.acousti.ca/sites/default/files/MHV%20939%20M.furva%20nr%20Tzaneen.wav","http://bio.acousti.ca/content/939-munza-furva","0","2.147902","Munza furva","Call (with extraneous noise)","","","94"
"bio.acousti.ca","11472","Edward Baker","95","2014-12-29 14:23","view","http://bio.acousti.ca/sites/default/files/MHV%20939%20M.furva%20nr%20Tzaneen.wav","http://bio.acousti.ca/content/939-munza-furva","2.147902","5.867373","Munza furva","Voice Introduction","","","95"
"bio.acousti.ca","11472","Edward Baker","96","2014-12-29 14:24","view","http://bio.acousti.ca/sites/default/files/MHV%20939%20M.furva%20nr%20Tzaneen.wav","http://bio.acousti.ca/content/939-munza-furva","5.867373","11.14609","Munza furva","Call","","","96"
"bio.acousti.ca","11472","Edward Baker","97","2014-12-29 14:25","view","http://bio.acousti.ca/sites/default/files/MHV%20939%20M.furva%20nr%20Tzaneen.wav","http://bio.acousti.ca/content/939-munza-furva","11.14609","50.95586","Munza furva","Call (with extraneous noise)","","","97"
"bio.acousti.ca","11472","Edward Baker","98","2014-12-29 14:26","view","http://bio.acousti.ca/sites/default/files/MHV%20939%20M.furva%20nr%20Tzaneen.wav","http://bio.acousti.ca/content/939-munza-furva","50.95586","57.24453","Munza furva","Call","","","98"
"bio.acousti.ca","11472","Edward Baker","99","2014-12-29 14:28","view","http://bio.acousti.ca/sites/default/files/MHV%20939%20M.furva%20nr%20Tzaneen.wav","http://bio.acousti.ca/content/939-munza-furva","57.24453","81.56657","Munza furva","Call (with extraneous noise)","","","99"
"bio.acousti.ca","11472","Edward Baker","100","2014-12-29 14:28","view","http://bio.acousti.ca/sites/default/files/MHV%20939%20M.furva%20nr%20Tzaneen.wav","http://bio.acousti.ca/content/939-munza-furva","81.56657","87.5","Munza furva","Call","","","100"
"bio.acousti.ca","11471","Edward Baker","101","2014-12-29 14:31","view","http://bio.acousti.ca/sites/default/files/MHV%20989%20P.maytenophila%20nr%20Jozini.wav","http://bio.acousti.ca/content/989-platypleura-divisa","0","2.861029","Platypleura divisa","Voice Introduction","","","101"
"bio.acousti.ca","11471","Edward Baker","102","2014-12-29 14:33","view","http://bio.acousti.ca/sites/default/files/MHV%20989%20P.maytenophila%20nr%20Jozini.wav","http://bio.acousti.ca/content/989-platypleura-divisa","2.861029","56.21319","Platypleura divisa","Call","","","102"
"bio.acousti.ca","11471","Edward Baker","103","2014-12-29 14:34","view","http://bio.acousti.ca/sites/default/files/MHV%20989%20P.maytenophila%20nr%20Jozini.wav","http://bio.acousti.ca/content/989-platypleura-divisa","3.943008","4.016675","Platypleura divisa","Single echeme","","","103"
"bio.acousti.ca","11470","Edward Baker","104","2014-12-29 14:36","view","http://bio.acousti.ca/sites/default/files/MHV%20983%20P.divisa%20nr%20Piet%20Retief.wav","http://bio.acousti.ca/content/983-platypleura-divisa","0","5.308466","Platypleura divisa","Voice Introduction","","","104"
"bio.acousti.ca","11470","Edward Baker","105","2014-12-29 14:37","view","http://bio.acousti.ca/sites/default/files/MHV%20983%20P.divisa%20nr%20Piet%20Retief.wav","http://bio.acousti.ca/content/983-platypleura-divisa","5.308466","34.71160","Platypleura divisa","Call","","","105"
"bio.acousti.ca","11470","Edward Baker","106","2014-12-29 14:38","view","http://bio.acousti.ca/sites/default/files/MHV%20983%20P.divisa%20nr%20Piet%20Retief.wav","http://bio.acousti.ca/content/983-platypleura-divisa","34.71160","49.45997","Platypleura divisa","Call (with extraneous noise)","","","106"
"bio.acousti.ca","11470","Edward Baker","107","2014-12-29 14:39","view","http://bio.acousti.ca/sites/default/files/MHV%20983%20P.divisa%20nr%20Piet%20Retief.wav","http://bio.acousti.ca/content/983-platypleura-divisa","49.45997","60.5","Platypleura divisa","Call","","","107"
"bio.acousti.ca","11470","Edward Baker","108","2014-12-29 14:39","view","http://bio.acousti.ca/sites/default/files/MHV%20983%20P.divisa%20nr%20Piet%20Retief.wav","http://bio.acousti.ca/content/983-platypleura-divisa","31.39889","31.91697","Platypleura divisa","Single echeme","","","108"
"bio.acousti.ca","11469","Edward Baker","109","2014-12-29 14:43","view","http://bio.acousti.ca/sites/default/files/MHV%20982%20P.divisa%20nr%20Barberton%20%28check%20ID%29.wav","http://bio.acousti.ca/content/982-platypleura-divisa","0","4.883033","Platypleura divisa","Voice Introduction","","","109"
"bio.acousti.ca","11469","Edward Baker","110","2014-12-29 14:45","view","http://bio.acousti.ca/sites/default/files/MHV%20982%20P.divisa%20nr%20Barberton%20%28check%20ID%29.wav","http://bio.acousti.ca/content/982-platypleura-divisa","4.883033","26.4827","Platypleura divisa","Call (with extraneous noise)","","","110"
"bio.acousti.ca","11469","Edward Baker","111","2014-12-29 14:46","view","http://bio.acousti.ca/sites/default/files/MHV%20982%20P.divisa%20nr%20Barberton%20%28check%20ID%29.wav","http://bio.acousti.ca/content/982-platypleura-divisa","26.48277","34.58113","Platypleura divisa","Call","","","111"
"bio.acousti.ca","11469","Edward Baker","112","2014-12-29 14:47","view","http://bio.acousti.ca/sites/default/files/MHV%20982%20P.divisa%20nr%20Barberton%20%28check%20ID%29.wav","http://bio.acousti.ca/content/982-platypleura-divisa","34.58113","60.4","Platypleura divisa","Call (with extraneous noise)","","","112"
"bio.acousti.ca","10925","Edward Baker","117","2014-12-29 17:23","view","http://bio.acousti.ca/sites/default/files/593_9_Acherontis_styx_822r9.wav","http://bio.acousti.ca/node/10925","0","24.72105","Acherontia styx","Voice Introduction","","","117"
"bio.acousti.ca","10925","Edward Baker","118","2014-12-29 17:24","view","http://bio.acousti.ca/sites/default/files/593_9_Acherontis_styx_822r9.wav","http://bio.acousti.ca/node/10925","24.72105","37.12933","Acherontia styx","Call","","","118"
"bio.acousti.ca","11469","Edward Baker","119","2015-01-06 14:46","view","http://bio.acousti.ca/sites/default/files/MHV%20982%20P.divisa%20nr%20Barberton%20%28check%20ID%29.wav","http://bio.acousti.ca/content/982-platypleura-divisa","3","4","Platypleura divisa","Call","","","119"
"bio.acousti.ca","11778","Edward Baker","121","2015-01-16 16:28","view","http://bio.acousti.ca/sites/default/files/MHV%20973%20P.haglundi%20nr%20Barberton%20%232.wav","http://bio.acousti.ca/content/9732-platypleura-haglundi","3","4","Platypleura haglundi","Call","","","121"
"bio.acousti.ca","11780","Edward Baker","126","2015-02-23 10:53","view","http://bio.acousti.ca/sites/default/files/MHV%20847%20P.sp10%20nr%20Kagga%20Kama%20%232.wav","http://bio.acousti.ca/content/8472-platypleura-sp-10","0","5","Platypleura ""sp. 10""","Voice Introduction","","","126"
"bio.acousti.ca","11780","Edward Baker","127","2015-02-23 10:53","view","http://bio.acousti.ca/sites/default/files/MHV%20847%20P.sp10%20nr%20Kagga%20Kama%20%232.wav","http://bio.acousti.ca/content/8472-platypleura-sp-10","5","6","Platypleura ""sp. 10""","Call","","","127"
"bio.acousti.ca","10819","Bjorn","130","2015-03-15 18:16","view","http://bio.acousti.ca/sites/default/files/589_5_Chorthippus_brunneus_768r5.wav","http://bio.acousti.ca/node/10819","0","21.5","Chorthippus Glyptobothrus brunneus","Voice Introduction","","","130"
"bio.acousti.ca","10819","Bjorn","131","2015-03-15 18:30","view","http://bio.acousti.ca/sites/default/files/589_5_Chorthippus_brunneus_768r5.wav","http://bio.acousti.ca/node/10819","31","40","Chorthippus Glyptobothrus brunneus","Call","","","131"
"bio.acousti.ca","10819","Bjorn","135","2015-03-17 16:17","view","http://bio.acousti.ca/sites/default/files/589_5_Chorthippus_brunneus_768r5.wav","http://bio.acousti.ca/node/10819","31","39","Chorthippus Glyptobothrus brunneus","Call","","","135"
"bio.acousti.ca","9131","Edward Baker","146","2015-05-09 18:20","view","http://bio.acousti.ca/sites/default/files/399-11_Tettigonia_viridissima_412c_.wav","http://bio.acousti.ca/node/9131","15","30","Tettigonia viridissima","Call","","","146"
"bio.acousti.ca","12286","Edward Baker","148","2015-08-12 15:32","view","http://bio.acousti.ca/sites/default/files/09%20-%20Rana%20signata.wav","http://bio.acousti.ca/content/rgs-mulu-camp-i-pulchrana-signata","204.5","213.7","Pulchrana signata","Voice Introduction","","","148"
"bio.acousti.ca","12286","Edward Baker","149","2015-08-12 15:34","view","http://bio.acousti.ca/sites/default/files/09%20-%20Rana%20signata.wav","http://bio.acousti.ca/content/rgs-mulu-camp-i-pulchrana-signata","28.473","29.24","Pulchrana signata","Call","","","149"
"bio.acousti.ca","12250","Edward Baker","150","2015-08-12 15:49","view","http://bio.acousti.ca/sites/default/files/01%20-%20unidentified.%20Base%20Camp.wav","http://bio.acousti.ca/content/rgs-mulu-base-camp-hylarana-glandulosa","3.671","8.61","Hylarana glandulosa","Call","","","150"
"bio.acousti.ca","12250","Edward Baker","151","2015-08-12 15:50","view","http://bio.acousti.ca/sites/default/files/01%20-%20unidentified.%20Base%20Camp.wav","http://bio.acousti.ca/content/rgs-mulu-base-camp-hylarana-glandulosa","8.346","8.515","Hylarana glandulosa","Single echeme","","","151"
"bio.acousti.ca","12310","Edward Baker","152","2015-08-18 13:54","view","http://bio.acousti.ca/sites/default/files/16%20-%20Nesobia%20mjobergi.wav","http://bio.acousti.ca/content/rgs-mulu-nesobia-mjobergi-1","2.17","2.55","Leptobrachella brevicrus","Single echeme","","","152"
"bio.acousti.ca","12310","Edward Baker","153","2015-08-18 13:57","view","http://bio.acousti.ca/sites/default/files/16%20-%20Nesobia%20mjobergi.wav","http://bio.acousti.ca/content/rgs-mulu-nesobia-mjobergi-1","2.0","5.0","Leptobrachella brevicrus","Call","","","153"
"bio.acousti.ca","12284","Edward Baker","157","2015-08-18 15:46","view","http://bio.acousti.ca/sites/default/files/07%20-%20Nesobia%20mjobergi%20B.wav","http://bio.acousti.ca/content/rgs-mulu-camp-1-leptobrachella-parva-holotype","1","15","Leptobrachella parva","Call","","","157"
"bio.acousti.ca","11293","Edward Baker","168","2015-11-04 14:29","view","http://bio.acousti.ca/sites/default/files/Mole%20Cricket%2019-05-2014%20clip%20three%20%283%29%20%20BRIAN%20HARRISON.wav","http://bio.acousti.ca/node/11293","0.602893","0.726025","Gryllotalpa gryllotalpa","Call","","","168"
"bio.acousti.ca","12972","Edward Baker","169","2016-03-19 20:51","view","http://bio.acousti.ca/sites/default/files/magicicada_neotredecim_marshall_and_cooley_2000_holotype_male_song_phrase_1.WAV","http://bio.acousti.ca/content/recording-holotype-male-magicicada-neotredecim-one-song-phrase","0","2.691626","Magicicada neotredecim","Call","","","169"
"bio.acousti.ca","13717","llivermore","173","2016-08-08 11:31","view","http://bio.acousti.ca/sites/default/files/1004.WAV","http://bio.acousti.ca/content/walk-davy-down-riverside-park-nr-mardyke-river-north-stifford","1.879706","36.53950","","Call","","","173"
"bio.acousti.ca","13717","llivermore","174","2016-08-08 11:34","view","http://bio.acousti.ca/sites/default/files/1004.WAV","http://bio.acousti.ca/content/walk-davy-down-riverside-park-nr-mardyke-river-north-stifford","70.98161","72.68248","","Call","","","174"
"bio.acousti.ca","13717","llivermore","175","2016-08-08 12:26","view","http://bio.acousti.ca/sites/default/files/1004.WAV","http://bio.acousti.ca/content/walk-davy-down-riverside-park-nr-mardyke-river-north-stifford","150.0804","165.6373","","Call","","","175"
"bio.acousti.ca","13717","llivermore","176","2016-08-08 12:29","view","http://bio.acousti.ca/sites/default/files/1004.WAV","http://bio.acousti.ca/content/walk-davy-down-riverside-park-nr-mardyke-river-north-stifford","165.8087","179.8997","","Call","","","176"
"bio.acousti.ca","13717","llivermore","177","2016-08-08 12:34","view","http://bio.acousti.ca/sites/default/files/1004.WAV","http://bio.acousti.ca/content/walk-davy-down-riverside-park-nr-mardyke-river-north-stifford","182.6413","199.5554","","Call","","","177"
"bio.acousti.ca","9007","Edward Baker","196","2016-10-14 15:05","view","http://bio.acousti.ca/sites/default/files/375-7_Meconema_thalassinum_323_.wav","http://bio.acousti.ca/content/3757-meconema-thalassinum323","1.648405","44.60936","Meconema thalassinum","Voice Introduction","","","196"
"bio.acousti.ca","9007","Edward Baker","197","2016-10-14 15:07","view","http://bio.acousti.ca/sites/default/files/375-7_Meconema_thalassinum_323_.wav","http://bio.acousti.ca/content/3757-meconema-thalassinum323","49.08575","51.90755","Meconema thalassinum","Call","","","197"
"bio.acousti.ca","9009","Edward Baker","198","2016-10-14 15:13","view","http://bio.acousti.ca/sites/default/files/375-9_Meconema_thalassinum_324_.wav","http://bio.acousti.ca/content/3759-meconema-thalassinum324","0.672976","44.60768","Meconema thalassinum","Voice Introduction","","","198"
"bio.acousti.ca","9009","Edward Baker","200","2016-10-14 15:16","view","http://bio.acousti.ca/sites/default/files/375-9_Meconema_thalassinum_324_.wav","http://bio.acousti.ca/content/3759-meconema-thalassinum324","113.6833","414.9499","Meconema thalassinum","Call","","","200"
"bio.acousti.ca","11059","Edward Baker","201","2016-10-14 15:19","view","http://bio.acousti.ca/sites/default/files/896_6_Tettigonia_viridissima_61r1.wav","http://bio.acousti.ca/node/11059","1.595901","11.49966","Tettigonia viridissima","Voice Introduction","","","201"
"bio.acousti.ca","11059","Edward Baker","202","2016-10-14 15:22","view","http://bio.acousti.ca/sites/default/files/896_6_Tettigonia_viridissima_61r1.wav","http://bio.acousti.ca/node/11059","15.23229","63.36285","Tettigonia viridissima","Call","","","202"
"bio.acousti.ca","11083","Edward Baker","203","2016-10-15 17:35","view","http://bio.acousti.ca/sites/default/files/898_6_Decticus_verrucivorus_108.wav","http://bio.acousti.ca/node/11083","1.375414","9.986704","Decticus verrucivorus","Voice Introduction","","","203"
"bio.acousti.ca","11083","Edward Baker","204","2016-10-15 17:37","view","http://bio.acousti.ca/sites/default/files/898_6_Decticus_verrucivorus_108.wav","http://bio.acousti.ca/node/11083","14.09301","37.31296","Decticus verrucivorus","Call","","","204"
"bio.acousti.ca","10973","Edward Baker","205","2016-10-15 17:40","view","http://bio.acousti.ca/sites/default/files/597_3_Decticus_verrucivorus_003r1.wav","http://bio.acousti.ca/node/10973","4.267543","193.4385","Decticus verrucivorus","Call","","","205"
"bio.acousti.ca","11071","Edward Baker","206","2016-10-15 17:49","view","http://bio.acousti.ca/sites/default/files/897_9_Pholidoptera_griseoaptera_67r3.wav","http://bio.acousti.ca/node/11071","1.113291","12.93399","Pholidoptera griseoaptera","Voice Introduction","","","206"
"bio.acousti.ca","11071","Edward Baker","207","2016-10-15 17:50","view","http://bio.acousti.ca/sites/default/files/897_9_Pholidoptera_griseoaptera_67r3.wav","http://bio.acousti.ca/node/11071","30.60676","102.6384","Pholidoptera griseoaptera","Call","","","207"
"bio.acousti.ca","9022","Edward Baker","208","2016-10-15 17:54","view","http://bio.acousti.ca/sites/default/files/391-1_Pholiodoptera%20_grisecaptera_334_.wav","http://bio.acousti.ca/node/9022","3.656526","44.89623","Pholidoptera griseoaptera","Voice Introduction","","","208"
"bio.acousti.ca","9022","Edward Baker","209","2016-10-15 17:55","view","http://bio.acousti.ca/sites/default/files/391-1_Pholiodoptera%20_grisecaptera_334_.wav","http://bio.acousti.ca/node/9022","118.9935","360.6654","Pholidoptera griseoaptera","Call","","","209"
"bio.acousti.ca","11125","Edward Baker","210","2016-10-15 17:58","view","http://bio.acousti.ca/sites/default/files/991_9_Platycleis_albopunctata_173a.wav","http://bio.acousti.ca/content/9919-platycleis-albopunctata-173a","1.522960","40.56999","Platycleis albopunctata","Voice Introduction","","","210"
"bio.acousti.ca","11125","Edward Baker","211","2016-10-15 18:25","view","http://bio.acousti.ca/sites/default/files/991_9_Platycleis_albopunctata_173a.wav","http://bio.acousti.ca/content/9919-platycleis-albopunctata-173a","41.60142","101.9441","Platycleis albopunctata","Call","","","211"
"bio.acousti.ca","11111","Edward Baker","212","2016-10-17 13:04","view","http://bio.acousti.ca/sites/default/files/900_3_Metrioptera_brachyptera_118r2.wav","http://bio.acousti.ca/content/9003-metrioptera-brachyptera-118r2","0.322573","24.35522","Metrioptera brachyptera","Voice Introduction","","","212"
"bio.acousti.ca","11111","Edward Baker","213","2016-10-17 13:05","view","http://bio.acousti.ca/sites/default/files/900_3_Metrioptera_brachyptera_118r2.wav","http://bio.acousti.ca/content/9003-metrioptera-brachyptera-118r2","26.31646","39.12897","Metrioptera brachyptera","Call","","","213"
"bio.acousti.ca","11111","Edward Baker","214","2016-10-17 13:06","view","http://bio.acousti.ca/sites/default/files/900_3_Metrioptera_brachyptera_118r2.wav","http://bio.acousti.ca/content/9003-metrioptera-brachyptera-118r2","39.15675","45.57333","Metrioptera brachyptera","Extraneous Noise","","","214"
"bio.acousti.ca","11122","Edward Baker","215","2016-10-17 13:09","view","http://bio.acousti.ca/sites/default/files/991_6_Metrioptera_brachyptera_171r1.wav","http://bio.acousti.ca/content/9916-metrioptera-brachyptera-171r1","0.715411","30.69237","Metrioptera brachyptera","Voice Introduction","","","215"
"bio.acousti.ca","11122","Edward Baker","216","2016-10-17 13:10","view","http://bio.acousti.ca/sites/default/files/991_6_Metrioptera_brachyptera_171r1.wav","http://bio.acousti.ca/content/9916-metrioptera-brachyptera-171r1","34.15028","70.50537","Metrioptera brachyptera","Call (with extraneous noise)","","","216"
"bio.acousti.ca","11109","Edward Baker","219","2016-10-17 13:16","view","http://bio.acousti.ca/sites/default/files/900_1_Metrioptera_roeselli_117.wav","http://bio.acousti.ca/content/9001-metrioptera-roeselli-117","0","35.21212","Metrioptera roeselli","Voice Introduction","","","219"
"bio.acousti.ca","11109","Edward Baker","220","2016-10-17 13:18","view","http://bio.acousti.ca/sites/default/files/900_1_Metrioptera_roeselli_117.wav","http://bio.acousti.ca/content/9001-metrioptera-roeselli-117","36.11459","464.1669","Metrioptera roeselli","Call","","","220"
"bio.acousti.ca","10183","Edward Baker","221","2016-10-17 13:20","view","http://bio.acousti.ca/sites/default/files/572_14_Metrioptera_roesselii_748a.wav","http://bio.acousti.ca/content/57214-metrioptera-roesselii-748a","0","40.47592","Metrioptera roeselli","Voice Introduction","","","221"
"bio.acousti.ca","10183","Edward Baker","222","2016-10-17 13:21","view","http://bio.acousti.ca/sites/default/files/572_14_Metrioptera_roesselii_748a.wav","http://bio.acousti.ca/content/57214-metrioptera-roesselii-748a","40.80352","97.89412","Metrioptera roeselli","Call","","","222"
"bio.acousti.ca","9123","Edward Baker","223","2016-10-17 13:24","view","http://bio.acousti.ca/sites/default/files/399-3_Conocephalus_discolor_409_.wav","http://bio.acousti.ca/node/9123","0","39.96154","Conocephalus discolor","Voice Introduction","","","223"
"bio.acousti.ca","9123","Edward Baker","224","2016-10-17 13:26","view","http://bio.acousti.ca/sites/default/files/399-3_Conocephalus_discolor_409_.wav","http://bio.acousti.ca/node/9123","42.21464","108.2925","Conocephalus discolor","Call","","","224"
"bio.acousti.ca","11062","Edward Baker","225","2016-10-17 13:29","view","http://bio.acousti.ca/sites/default/files/896_9_Conocephalus_discolor_61r4.wav","http://bio.acousti.ca/node/11062","25.64985","45.98026","Conocephalus discolor","Call","","","225"
"bio.acousti.ca","11120","Edward Baker","228","2016-10-17 13:44","view","http://bio.acousti.ca/sites/default/files/991_4_Gryllus_campestris_142r4.wav","http://bio.acousti.ca/node/11120","0","34.40213","Gryllus Gryllus campestris","Voice Introduction","","","228"
"bio.acousti.ca","11120","Edward Baker","229","2016-10-17 13:45","view","http://bio.acousti.ca/sites/default/files/991_4_Gryllus_campestris_142r4.wav","http://bio.acousti.ca/node/11120","34.90298","59.04012","Gryllus Gryllus campestris","Call","","","229"
"bio.acousti.ca","9062","Edward Baker","230","2016-10-17 13:49","view","http://bio.acousti.ca/sites/default/files/394-9_Nemobius_sylvestris_363_.wav","http://bio.acousti.ca/node/9062","1.265756","37.21024","Nemobius sylvestris","Voice Introduction","","","230"
"bio.acousti.ca","9062","Edward Baker","231","2016-10-17 13:50","view","http://bio.acousti.ca/sites/default/files/394-9_Nemobius_sylvestris_363_.wav","http://bio.acousti.ca/node/9062","51.34381","90.55708","Nemobius sylvestris","Call","","","231"
"bio.acousti.ca","11293","Edward Baker","232","2016-10-17 13:52","view","http://bio.acousti.ca/sites/default/files/Mole%20Cricket%2019-05-2014%20clip%20three%20%283%29%20%20BRIAN%20HARRISON.wav","http://bio.acousti.ca/node/11293","0","48.02503","Gryllotalpa gryllotalpa","Call","","","232"
"bio.acousti.ca","13631","Edward Baker","233","2016-10-17 13:54","view","http://bio.acousti.ca/sites/default/files/Mole%20Cricket3%20well%20established%209.35%20pm%208May2016%20PAUL%20BROCK%20DSC_0910.mp3","http://bio.acousti.ca/content/mole-cricket3-well-established-935-pm-8may2016-paul-brock-dsc0910","0","24.15698","Gryllotalpa gryllotalpa","Call","","","233"
"bio.acousti.ca","9309","Edward Baker","234","2016-10-17 17:10","view","http://bio.acousti.ca/sites/default/files/409_7_Tettigeta_argentata_501r7.wav","http://bio.acousti.ca/node/9309","0","36.97777","Tettigeta argentata","Voice Introduction","","","234"
"bio.acousti.ca","11437","Edward Baker","235","2016-10-17 17:20","view","http://bio.acousti.ca/sites/default/files/MHV%20959%20B.brevis%20Morningside%20Ranch%20%231.wav","http://bio.acousti.ca/content/959-brevisiana-brevis","0","2.587754","Brevisiana brevis","Voice Introduction","","","235"
"bio.acousti.ca","11438","Edward Baker","236","2016-10-17 17:28","view","http://bio.acousti.ca/sites/default/files/MHV%201408%20Brevisiana%20brevis%20Dedza.wav","http://bio.acousti.ca/content/1408-brevisiana-brevis","1.529067","3.723093","Brevisiana brevis","Voice Introduction","","","236"
"bio.acousti.ca","11439","Edward Baker","237","2016-10-17 17:29","view","http://bio.acousti.ca/sites/default/files/MHV%20946%20P.brunea%20Queenstown%20%231.wav","http://bio.acousti.ca/content/946-platypleura-brunea","0.617113","6.614088","Platypleura brunea","Voice Introduction","","","237"
"bio.acousti.ca","11444","Edward Baker","238","2016-10-17 17:30","view","http://bio.acousti.ca/sites/default/files/MHV%20949%20P.cf_.%20brunea%20Liesure%20Bay.wav","http://bio.acousti.ca/content/949-platypleura-cf-brunea","1.123934","4.270238","Platypleura cf. brunea","Voice Introduction","","","238"
"bio.acousti.ca","8962","qgeissmann","242","2016-10-20 16:40","view","http://bio.acousti.ca/sites/default/files/372-2_Chorthippus_brunneus_305_.wav","http://bio.acousti.ca/node/8962","168.8345","182.8586","Chorthippus Glyptobothrus brunneus","Call","","","242"
"bio.acousti.ca","9929","qgeissmann","243","2016-10-20 16:48","view","http://bio.acousti.ca/sites/default/files/565_5_Chorthippus_brunneus_781a.wav","http://bio.acousti.ca/node/9929","111.5899","124.3082","Chorthippus Glyptobothrus brunneus","Call","","","243"
"bio.acousti.ca","11777","Nanoletter","247","2016-10-21 15:09","view","http://bio.acousti.ca/sites/default/files/MHV%20515%20P.divisa%20S%20of%20Whittlesey%20%232.WAV","http://bio.acousti.ca/content/5152-platypleura-divisa","1.402666","14.21866","Platypleura divisa","Voice Introduction","","","247"
"bio.acousti.ca","11777","Nanoletter","248","2016-10-21 15:11","view","http://bio.acousti.ca/sites/default/files/MHV%20515%20P.divisa%20S%20of%20Whittlesey%20%232.WAV","http://bio.acousti.ca/content/5152-platypleura-divisa","39.80388","45.58947","Platypleura divisa","Extraneous Noise","","","248"
"bio.acousti.ca","11777","Nanoletter","249","2016-10-21 15:16","view","http://bio.acousti.ca/sites/default/files/MHV%20515%20P.divisa%20S%20of%20Whittlesey%20%232.WAV","http://bio.acousti.ca/content/5152-platypleura-divisa","33.35012","39.80388","Platypleura divisa","Call (with extraneous noise)","","","249"
"bio.acousti.ca","11777","Nanoletter","250","2016-10-21 15:18","view","http://bio.acousti.ca/sites/default/files/MHV%20515%20P.divisa%20S%20of%20Whittlesey%20%232.WAV","http://bio.acousti.ca/content/5152-platypleura-divisa","0","1.402666","Platypleura divisa","Call (with extraneous noise)","","","250"
"bio.acousti.ca","11777","Nanoletter","251","2016-10-21 15:53","view","http://bio.acousti.ca/sites/default/files/MHV%20515%20P.divisa%20S%20of%20Whittlesey%20%232.WAV","http://bio.acousti.ca/content/5152-platypleura-divisa","14.21821","24.65251","Platypleura divisa","Call","","","251"
"bio.acousti.ca","11776","Nanoletter","252","2016-10-21 16:08","view","http://bio.acousti.ca/sites/default/files/MHV%20338%20P.sp8%20Collingham%20Ridge%20%232.wav","http://bio.acousti.ca/content/3382-platypleura-sp-08","127.6796","138.4979","Platypleura ""sp. 08""","Call","","","252"
"bio.acousti.ca","11776","Nanoletter","253","2016-10-21 16:10","view","http://bio.acousti.ca/sites/default/files/MHV%20338%20P.sp8%20Collingham%20Ridge%20%232.wav","http://bio.acousti.ca/content/3382-platypleura-sp-08","0","9.018682","Platypleura ""sp. 08""","Voice Introduction","","","253"
"bio.acousti.ca","11776","Nanoletter","254","2016-10-21 16:10","view","http://bio.acousti.ca/sites/default/files/MHV%20338%20P.sp8%20Collingham%20Ridge%20%232.wav","http://bio.acousti.ca/content/3382-platypleura-sp-08","0","9.018682","Platypleura ""sp. 08""","Voice Introduction","","","254"
"bio.acousti.ca","11776","Nanoletter","255","2016-10-21 16:14","view","http://bio.acousti.ca/sites/default/files/MHV%20338%20P.sp8%20Collingham%20Ridge%20%232.wav","http://bio.acousti.ca/content/3382-platypleura-sp-08","9.018682","70.71620","Platypleura ""sp. 08""","Call (with extraneous noise)","","","255"
"bio.acousti.ca","15120","Edward Baker","256","2016-10-23 14:24","view","http://bio.acousti.ca/sites/default/files/01%20-%20Omocestus%20rufipes%20133_1.wav","http://bio.acousti.ca/content/omocestus-rufipes-1331","1.762292","33.83388","Omocestus Omocestus rufipes","Voice Introduction","","","256"
"bio.acousti.ca","15137","Edward Baker","257","2016-10-23 16:47","view","http://bio.acousti.ca/sites/default/files/1004_0.WAV","http://bio.acousti.ca/content/cicada-sp-milos-greece-recording-3","0","14.18645","Cicadidae","Call","","","257"
"bio.acousti.ca","10210","qgeissmann","261","2016-10-26 17:15","view","http://bio.acousti.ca/sites/default/files/573_22_Chorthippus_brunneus_716r22.wav","http://bio.acousti.ca/node/10210","40.04783","59.04084","Chorthippus Glyptobothrus brunneus","Call","","","261"
"bio.acousti.ca","10210","qgeissmann","262","2016-10-26 17:17","view","http://bio.acousti.ca/sites/default/files/573_22_Chorthippus_brunneus_716r22.wav","http://bio.acousti.ca/node/10210","67.74376","86.73297","Chorthippus Glyptobothrus brunneus","Call","","","262"
"bio.acousti.ca","15133","qgeissmann","274","2016-10-26 17:26","view","http://bio.acousti.ca/sites/default/files/03%20-%20Chorthippus%20brunneus%20868-3.wav","http://bio.acousti.ca/content/chorthippus-brunneus-8683","5","35","Chorthippus Glyptobothrus brunneus","Call","","","274"
"bio.acousti.ca","9009","qgeissmann","284","2016-10-26 18:23","view","http://bio.acousti.ca/sites/default/files/375-9_Meconema_thalassinum_324_.wav","http://bio.acousti.ca/content/3759-meconema-thalassinum324","113.3716","120.5264","Meconema thalassinum","Call","","","284"
"bio.acousti.ca","10973","qgeissmann","285","2016-10-26 18:29","view","http://bio.acousti.ca/sites/default/files/597_3_Decticus_verrucivorus_003r1.wav","http://bio.acousti.ca/node/10973","40.72037","70","Decticus verrucivorus","Call","","","285"
"bio.acousti.ca","9932","qgeissmann","288","2016-10-26 18:34","view","http://bio.acousti.ca/sites/default/files/566_1_Decticus_verrucivorus_783a.wav","http://bio.acousti.ca/node/9932","94.98201","124","Decticus verrucivorus","Call","","","288"
"bio.acousti.ca","9009","qgeissmann","289","2016-10-26 18:36","view","http://bio.acousti.ca/sites/default/files/375-9_Meconema_thalassinum_324_.wav","http://bio.acousti.ca/content/3759-meconema-thalassinum324","218.5542","232.2546","Meconema thalassinum","Call","","","289"
"bio.acousti.ca","9037","qgeissmann","290","2016-10-26 18:38","view","http://bio.acousti.ca/sites/default/files/392-4_Decticus_verrucivorus_343_.wav","http://bio.acousti.ca/node/9037","45.7215","75","Decticus verrucivorus","Call","","","290"
"bio.acousti.ca","10973","qgeissmann","291","2016-10-26 18:40","view","http://bio.acousti.ca/sites/default/files/597_3_Decticus_verrucivorus_003r1.wav","http://bio.acousti.ca/node/10973","95.92887","125","Decticus verrucivorus","Call","","","291"
"bio.acousti.ca","9037","qgeissmann","293","2016-10-26 18:43","view","http://bio.acousti.ca/sites/default/files/392-4_Decticus_verrucivorus_343_.wav","http://bio.acousti.ca/node/9037","403.7088","430","Decticus verrucivorus","Call","","","293"
"bio.acousti.ca","11071","qgeissmann","296","2016-10-26 19:06","view","http://bio.acousti.ca/sites/default/files/897_9_Pholidoptera_griseoaptera_67r3.wav","http://bio.acousti.ca/node/11071","135.9381","164.1492","Pholidoptera griseoaptera","Call","","","296"
"bio.acousti.ca","9525","qgeissmann","298","2016-11-01 11:08","view","http://bio.acousti.ca/sites/default/files/423-1_Tettigonia_cantans_596a_.wav","http://bio.acousti.ca/node/9525","105.1949","135","Tettigonia cantans","Call","","","298"
"bio.acousti.ca","11774","Nanoletter","300","2016-11-04 08:57","view","http://bio.acousti.ca/sites/default/files/MHV%20488%20P.hirtipennis%20Fish%20River%20Mouth%20%232.WAV","http://bio.acousti.ca/content/4882-platypleura-hirtipennis","0","6.838136","Platypleura hirtipennis","Voice Introduction","","","300"
"bio.acousti.ca","11774","Nanoletter","301","2016-11-04 09:02","view","http://bio.acousti.ca/sites/default/files/MHV%20488%20P.hirtipennis%20Fish%20River%20Mouth%20%232.WAV","http://bio.acousti.ca/content/4882-platypleura-hirtipennis","6.838136","133.1495","Platypleura hirtipennis","Call (with extraneous noise)","","","301"
"bio.acousti.ca","11774","Nanoletter","302","2016-11-04 09:02","view","http://bio.acousti.ca/sites/default/files/MHV%20488%20P.hirtipennis%20Fish%20River%20Mouth%20%232.WAV","http://bio.acousti.ca/content/4882-platypleura-hirtipennis","6.838136","133.1495","Platypleura hirtipennis","Call (with extraneous noise)","","","302"
"bio.acousti.ca","11774","Nanoletter","303","2016-11-04 09:09","view","http://bio.acousti.ca/sites/default/files/MHV%20488%20P.hirtipennis%20Fish%20River%20Mouth%20%232.WAV","http://bio.acousti.ca/content/4882-platypleura-hirtipennis","133.1407","136.0439","Platypleura hirtipennis","Voice Introduction","","","303"
"bio.acousti.ca","11774","Nanoletter","304","2016-11-04 09:12","view","http://bio.acousti.ca/sites/default/files/MHV%20488%20P.hirtipennis%20Fish%20River%20Mouth%20%232.WAV","http://bio.acousti.ca/content/4882-platypleura-hirtipennis","136.0439","141.1744","Platypleura hirtipennis","Call (with extraneous noise)","","","304"
"bio.acousti.ca","9062","qgeissmann","310","2016-11-04 17:39","view","http://bio.acousti.ca/sites/default/files/394-9_Nemobius_sylvestris_363_.wav","http://bio.acousti.ca/node/9062","72.78616","90.50379","Nemobius sylvestris","Call","","","310"
"bio.acousti.ca","9125","qgeissmann","313","2016-11-04 17:49","view","http://bio.acousti.ca/sites/default/files/399-5_Nemobius_sylvestris_410b_.wav","http://bio.acousti.ca/node/9125","4.474534","33.64691","Nemobius sylvestris","Call","","","313"
"bio.acousti.ca","9124","qgeissmann","314","2016-11-04 17:50","view","http://bio.acousti.ca/sites/default/files/399-4_Nemobius_sylvestris_410_.wav","http://bio.acousti.ca/node/9124","40.95802","68.34234","Nemobius sylvestris","Call","","","314"
"bio.acousti.ca","9063","qgeissmann","316","2016-11-04 18:26","view","http://bio.acousti.ca/sites/default/files/394-8_Metrioptera_roeselli_362_.wav","http://bio.acousti.ca/node/9063","39.99352","49.23827","Nemobius sylvestris","Call","","","316"
"bio.acousti.ca","15133","qgeissmann","318","2016-11-14 17:22","view","http://bio.acousti.ca/sites/default/files/03%20-%20Chorthippus%20brunneus%20868-3.wav","http://bio.acousti.ca/content/chorthippus-brunneus-8683","5","","Chorthippus Glyptobothrus brunneus","","","","318"
"bio.acousti.ca","15137","qgeissmann","319","2016-11-14 18:28","view","http://bio.acousti.ca/sites/default/files/1004_0.WAV","http://bio.acousti.ca/content/cicada-sp-milos-greece-recording-3","1","2","Cicadidae","Call","","","319"
"bio.acousti.ca","15137","r_bot","320","2016-11-14 18:34","view","http://bio.acousti.ca/sites/default/files/1004_0.WAV","http://bio.acousti.ca/content/cicada-sp-milos-greece-recording-3","1","2","Cicadidae","Call","","","320"
"bio.acousti.ca","12754","Edward Baker","328","2017-01-09 22:08","view","http://bio.acousti.ca/sites/default/files/97_1_0.wav","http://bio.acousti.ca/content/971tettigonia-cantans","0","29.19200","Tettigonia cantans","Voice Introduction","","","328"
"bio.acousti.ca","12754","Edward Baker","329","2017-01-09 22:09","view","http://bio.acousti.ca/sites/default/files/97_1_0.wav","http://bio.acousti.ca/content/971tettigonia-cantans","30.49556","386.3247","Tettigonia cantans","Call","","","329"
"bio.acousti.ca","12729","Edward Baker","330","2017-01-09 22:14","view","http://bio.acousti.ca/sites/default/files/269_5.wav","http://bio.acousti.ca/content/2695steropleurus-catalaunicus","86.31616","87.24900","Steropleurus catalaunicus","Call","","","330"
"bio.acousti.ca","9050","Edward Baker","335","2018-10-29 10:39","view","http://bio.acousti.ca/sites/default/files/393-9_Acheta_domesticus_3545_.wav","http://bio.acousti.ca/node/9050","0","40.16000","Acheta domesticus","Voice Introduction","","","335"
"bio.acousti.ca","9050","Edward Baker","336","2018-10-29 10:41","view","http://bio.acousti.ca/sites/default/files/393-9_Acheta_domesticus_3545_.wav","http://bio.acousti.ca/node/9050","40.96000","249.5600","Acheta domesticus","Calling song","","","336"
"bio.acousti.ca","9048","Edward Baker","337","2018-10-29 10:43","view","http://bio.acousti.ca/sites/default/files/393-7_Acheta_domesticus_354_.wav","http://bio.acousti.ca/node/9048","0","33.92138","Acheta domesticus","Voice Introduction","","","337"
"bio.acousti.ca","9048","Edward Baker","338","2018-10-29 10:44","view","http://bio.acousti.ca/sites/default/files/393-7_Acheta_domesticus_354_.wav","http://bio.acousti.ca/node/9048","34.76141","324.4532","Acheta domesticus","Calling song","","","338"
"bio.acousti.ca","58142","Edward Baker","343","2020-03-09 10:48","view","http://bio.acousti.ca/sites/default/files/Toxoptera_aurantii_0.wav","http://bio.acousti.ca/content/toxoptera-aurantii","2.284420","9.387238","Toxoptera aurantii","Voice Introduction","","","343"
"bio.acousti.ca","58142","Edward Baker","344","2020-03-09 10:48","view","http://bio.acousti.ca/sites/default/files/Toxoptera_aurantii_0.wav","http://bio.acousti.ca/content/toxoptera-aurantii","11.22243","37.47316","Toxoptera aurantii","Call","","","344"
